,precision,recall,f1-score,support,model
vaginal,0.6967982924226254,0.8706494199226563,0.7740826367893769,7499.0,rf2
csection,0.827708703374778,0.6212504999333422,0.7097707714568577,7501.0,rf2
accuracy,0.7459333333333333,0.7459333333333333,0.7459333333333333,0.7459333333333333,rf2
macro avg,0.7622534978987017,0.7459499599279993,0.7419267041231173,15000.0,rf2
weighted avg,0.7622622252594318,0.7459333333333333,0.7419224166654286,15000.0,rf2
