,precision,recall,f1-score,support,model
vaginal,0.7941463414634147,0.9543349551556363,0.8669027396895551,17059.0,cls
csection,0.8268888888888889,0.4685807832766654,0.5981834257696327,7941.0,cls
accuracy,0.80004,0.80004,0.80004,0.80004,cls
macro avg,0.8105176151761517,0.7114578692161508,0.7325430827295939,25000.0,cls
weighted avg,0.8045466842276423,0.80004,0.781546736816031,25000.0,cls
