,precision,recall,f1-score,support,model
vaginal,0.727488432791553,0.8177090278703827,0.7699648417880461,7499.0,rf3
csection,0.7919646933495663,0.693774163444874,0.7396247868106879,7501.0,rf3
accuracy,0.7557333333333334,0.7557333333333334,0.7557333333333334,0.7557333333333334,rf3
macro avg,0.7597265630705596,0.7557415956576283,0.754794814299367,15000.0,rf3
weighted avg,0.7597308614879301,0.7557333333333334,0.7547927916290352,15000.0,rf3
