,precision,recall,f1-score,support,model
vaginal,0.7865470852017937,0.9762713850480431,0.8711996444723289,17068.0,rf
csection,0.8938401048492791,0.42990418557740795,0.5805737635140886,7932.0,rf
accuracy,0.80292,0.80292,0.80292,0.80292,rf
macro avg,0.8401935950255364,0.7030877853127255,0.7258867039932088,25000.0,rf
weighted avg,0.8205890144755479,0.80292,0.7789898649618984,25000.0,rf
