,precision,recall,f1-score,support,model
vaginal,0.8010901883052527,0.9471525662057652,0.8680197594501717,17068.0,cls
csection,0.8128630705394191,0.4939485627836611,0.6144918444165621,7932.0,cls
accuracy,0.80336,0.80336,0.80336,0.80336,cls
macro avg,0.806976629422336,0.7205505644947131,0.7412558019333669,25000.0,cls
weighted avg,0.804825488380509,0.80336,0.7875804225683082,25000.0,cls
