,precision,recall,f1-score,support,model
vaginal,0.6920741283635221,0.881450860114682,0.775366568914956,7499.0,rf1
csection,0.8368507983116168,0.6079189441407812,0.7042471042471041,7501.0,rf1
accuracy,0.7446666666666667,0.7446666666666667,0.7446666666666667,0.7446666666666667,rf1
macro avg,0.7644624633375694,0.7446849021277315,0.7398068365810301,15000.0,rf1
weighted avg,0.764472115115566,0.7446666666666667,0.7398020952833855,15000.0,rf1
