,precision,recall,f1-score,support,model
vaginal,0.7859707132735002,0.9753795650389824,0.8704909885165711,17059.0,rf
csection,0.8903394255874674,0.4294169500062964,0.5793900263359103,7941.0,rf
accuracy,0.80196,0.80196,0.80196,0.80196,rf
macro avg,0.8381550694304838,0.7023982575226394,0.7249405074262407,25000.0,rf
weighted avg,0.8191223910529087,0.80196,0.7780256788895061,25000.0,rf
